training loss_epoch,epoch,step
32453.673828125,0,0
29172.65234375,1,1
25187.248046875,2,2
22858.158203125,3,3
20518.44921875,4,4
18400.982421875,5,5
17111.59765625,6,6
15682.923828125,7,7
15442.7939453125,8,8
14938.796875,9,9
