training loss_epoch,epoch,step
45452.359375,0,0
38713.25,1,1
33599.94140625,2,2
28843.669921875,3,3
26069.11328125,4,4
22975.82421875,5,5
21349.908203125,6,6
19638.044921875,7,7
18387.685546875,8,8
17260.85546875,9,9
