training loss_epoch,epoch,step
103863.46875,0,0
90876.203125,1,1
77599.53125,2,2
67317.6796875,3,3
58002.61328125,4,4
48504.84375,5,5
40825.7109375,6,6
34417.0234375,7,7
30233.017578125,8,8
25010.05859375,9,9
