training loss_epoch,epoch,step
39448.02734375,0,0
30572.5078125,1,1
27521.99609375,2,2
24197.50390625,3,3
21415.4140625,4,4
18291.19140625,5,5
16781.150390625,6,6
15332.958984375,7,7
14191.267578125,8,8
13359.1396484375,9,9
